#CHROM	POS	RS-ID	REF	MAX-AF
13	20761888	rs7623	C	0.957256461233
13	20761973	rs9237	C	0.9324055666
13	20762109	rs5030700	G	0.0715705765408
13	20762872	rs55704559	T	0.0705765407555
13	20762956	rs3751385	A	0.808151093439
13	20763264	rs111033186	C	0.00397614314115
13	20763341	rs111033196	C	0.00596421471173
13	20763485	rs80338943	AG	0.0
13	20763486	rs80338944	A	0.01
13	20763487	rs80338947	T	
13	20763620	rs35887622	A	0.0208747514911
13	20763685	rs80338939	AC	0.00894632206759
13	20763748	rs141962118	A	0.00198807157058
