#CHROM	POS	RS-ID	REF	MAX-AF
13	20761888	rs7623	C	0.957256461233
13	20761973	rs9237	C	0.9324055666
13	20762109	rs5030700	G	0.0715705765408
13	20762872	rs55704559	T	0.0705765407555
13	20762956	rs3751385	A	0.808151093439
13	20763620	rs35887622	A	0.0208747514911
